0,0,1,1,,0,0,1.88024,0.0844097,,1.58,0.999960659,-0.008870187,0.999580425,,0.099996066,1.880240766,0.00074873
0.1671335,0.166355839,0.986065786,0.99998839,,0.5,0.016635584,1.88021817,0.083233517,,1.7471335,0.984563417,-0.17502822,0.999593249,,0.098456342,1.880264889,0.01477408
0.334267,0.328072004,0.944652719,0.999954846,,1,0.0328072,1.880155099,0.079737853,,1.914267,0.941749103,-0.336316261,0.999627862,,0.09417491,1.880329997,0.028388355
0.5014005,0.480639424,0.876918323,0.99990308,,1.5,0.048063942,1.880057767,0.074020413,,2.0814005,0.872706407,-0.488245355,0.999680435,,0.087270641,1.880428889,0.041212644
0.668534,0.619806258,0.784754868,0.999838824,,2,0.061980626,1.879936951,0.066240923,,2.248534,0.779353211,-0.626584848,0.999745154,,0.077935321,1.880550628,0.052889839
0.8356675,0.741696779,0.670735334,0.999769189,,2.5,0.074169678,1.87980602,0.056616568,,2.4156675,0.6642845,-0.747479835,0.99981486,,0.06642845,1.880681745,0.063094549
1.002801,0.842919078,0.538040358,0.999701881,,3,0.084291908,1.879679465,0.045415825,,2.582801,0.530701437,-0.847558839,0.999881838,,0.053070144,1.880807733,0.071542187
1.1699345,0.920658675,0.39036855,0.999644346,,3.5,0.092065867,1.879571285,0.032950892,,2.7499345,0.382323253,-0.924028641,0.999938676,,0.038232325,1.880914648,0.07799698
1.337068,0.972755617,0.231832936,0.999602949,,4,0.097275562,1.879493448,0.019568949,,2.917068,0.223284127,-0.974753404,0.999979084,,0.022328413,1.880990657,0.082278642
1.5042015,0.997763268,0.066846549,0.999582267,,4.5,0.099776327,1.879454562,0.005642497,,3.0842015,0.05801782,-0.998315548,0.999998588,,0.005801782,1.881027344,0.084267516
1.671335,0.994987467,-0.099999699,0.999584589,,5,0.099498747,1.879458927,-0.008440945,,3.251335,-0.108866671,-0.994056361,0.999995028,,-0.010886667,1.881020647,0.083907999
1.8384685,0.964505257,-0.264063647,0.999609656,,5.5,0.096450526,1.87950606,-0.022289533,,3.4184685,-0.272714786,-0.962094926,0.999968798,,-0.027271479,1.880971309,0.081210144
2.005602,0.907162806,-0.420779804,0.999654699,,6,0.090716281,1.87959075,-0.035517897,,3.585602,-0.428957453,-0.903324694,0.999922803,,-0.042895745,1.880884791,0.076249366
2.1727355,0.82455257,-0.565785348,0.999714733,,6.5,0.082455257,1.879703629,-0.047757771,,3.7527355,-0.573239543,-0.819387836,0.999862135,,-0.057323954,1.880770671,0.069164281
2.339869,0.718970142,-0.695040959,0.999783119,,7,0.071897014,1.879832211,-0.058668199,,3.919869,-0.70154185,-0.712628257,0.999793507,,-0.070154185,1.880641581,0.060152737
2.5070025,0.593351704,-0.804943324,0.99985229,,7.5,0.05933517,1.87996227,-0.067945025,,4.0870025,-0.810293036,-0.58602491,0.999724516,,-0.081029304,1.880511805,0.049466187
2.674136,0.451193468,-0.892426162,0.999914592,,8,0.045119347,1.880079413,-0.075329425,,4.254136,-0.89646844,-0.443107591,0.999662793,,-0.089646844,1.880395704,0.037402579
2.8412695,0.296455054,-0.955046806,0.99996313,,8.5,0.029645505,1.880170675,-0.080615214,,4.4212695,-0.957673143,-0.287857867,0.999615168,,-0.095767314,1.880306119,0.024297996
3.008403,0.13344931,-0.99105564,0.999992529,,9,0.013344931,1.880225953,-0.083654709,,4.588403,-0.992207295,-0.124598086,0.999586907,,-0.09922073,1.88025296,0.010517287
3.1755365,-0.033278404,-0.999446121,0.999999535,,9.5,-0.00332784,1.880239126,-0.084362947,,4.7555365,-0.999112204,0.04212843,0.999581137,,-0.09991122,1.880242105,-0.003556048
3.34267,-0.19907794,-0.97998366,0.999983373,,10,-0.019907794,1.880208738,-0.082720127,,4.92267,-0.978196221,0.207682819,0.999598494,,-0.097819622,1.880274755,-0.017530444
3.5098035,-0.35932529,-0.933212374,0.999945832,,10.5,-0.035932529,1.880138152,-0.078772177,,5.0898035,-0.930039913,0.367458514,0.99963706,,-0.093003991,1.880347299,-0.031017063
3.676937,-0.509552707,-0.860439445,0.999891068,,11,-0.050955271,1.880035182,-0.072629435,,5.256937,-0.8559804,0.517008274,0.999692569,,-0.08559804,1.880451713,-0.043640513
3.8440705,-0.645574083,-0.763697652,0.999825143,,11.5,-0.064557408,1.879911227,-0.06446349,,5.4240705,-0.75807518,0.652167173,0.999758882,,-0.075807518,1.880576449,-0.055049235
4.011204,-0.763601863,-0.645687381,0.999755353,,12,-0.076360186,1.879780005,-0.054502278,,5.591204,-0.639046189,0.769168361,0.999828662,,-0.063904619,1.880707707,-0.064925271
4.1783375,-0.860352166,-0.50970006,0.99968942,,12.5,-0.086035217,1.879656036,-0.043023629,,5.7583375,-0.502205305,0.864748421,0.999894187,,-0.050220531,1.880830963,-0.072993155
4.345471,-0.93313527,-0.359525476,0.99963464,,13,-0.093313527,1.879553035,-0.030347438,,5.925471,-0.35136305,0.936239289,0.999948206,,-0.035136305,1.880932575,-0.079027678
4.5126045,-0.979929204,-0.199345818,0.99959707,,13.5,-0.09799292,1.879482394,-0.016826721,,6.0926045,-0.190722801,0.981643934,0.99998474,,-0.01907228,1.881001295,-0.08286027
4.679738,-0.999434706,-0.033619472,0.999580866,,14,-0.099943471,1.879451927,-0.00283781,,6.259738,-0.024763358,0.999693341,0.999999743,,-0.002476336,1.881029516,-0.084383815
4.8468715,-0.991110366,0.133042258,0.99958782,,14.5,-0.099111037,1.879465003,0.011230057,,6.4268715,0.141886767,0.989882895,0.999991554,,0.014188677,1.881014113,-0.083555718
5.014005,-0.955187229,0.296002294,0.999617164,,15,-0.095518723,1.879520176,0.024985465,,6.594005,0.304579613,0.952486881,0.999961081,,0.030457961,1.880956792,-0.080399132
5.1811385,-0.892662563,0.450725579,0.999665651,,15.5,-0.089266256,1.879611343,0.038045611,,6.7611385,0.458778625,0.888550603,0.999911696,,0.045877862,1.880863898,-0.07500229
5.348272,-0.805272931,0.592904299,0.999727919,,16,-0.080527293,1.879728422,0.050046874,,6.928272,0.600186115,0.79986038,0.999848868,,0.060018611,1.880745715,-0.067515975
5.5154055,-0.695447082,0.718577314,0.99979708,,16.5,-0.069544708,1.879858461,0.060654895,,7.0954055,0.72486352,0.688892501,0.999779548,,0.072486352,1.880615324,-0.058149209
5.682539,-0.566239696,0.824240624,0.999865481,,17,-0.05662397,1.879987072,0.069573904,,7.262539,0.829340962,0.558742847,0.99971141,,0.082934096,1.880487153,-0.047163316
5.8496725,-0.42124745,0.906945746,0.999925554,,17.5,-0.042124745,1.880100023,0.076555018,,7.4296725,0.910713109,0.413039506,0.99965199,,0.091071311,1.880375383,-0.034864541
6.016806,-0.264509477,0.964383086,0.999970648,,18,-0.026450948,1.880184811,0.081403287,,7.596806,0.96671885,0.255841092,0.999607862,,0.096671885,1.880292377,-0.02159547
6.1839395,-0.100394832,0.994947676,0.999995772,,18.5,-0.010039483,1.88023205,0.083983235,,7.7639395,0.995802895,0.091523738,0.999583907,,0.099580289,1.880247317,-0.007725491
6.351073,0.066519912,0.997785098,0.999998144,,19,0.006651991,1.88023651,0.084222741,,7.931073,0.997157897,-0.075340083,0.999582774,,0.09971579,1.880245185,0.006359434
6.5182065,0.23157934,0.97281602,0.999977501,,19.5,0.023157934,1.880197697,0.082115108,,8.0982065,0.970746249,-0.240107724,0.999604588,,0.097074625,1.880286217,0.020267421
6.68534,0.390180283,0.920738479,0.99993613,,20,0.039018028,1.880119909,0.077719259,,8.26534,0.917301094,-0.398194303,0.999646936,,0.091730109,1.880365876,0.033611462
6.8524735,0.537901301,0.843007823,0.99987861,,20.5,0.05379013,1.880011757,0.071158037,,8.4324735,0.838306543,-0.545199175,0.999705135,,0.083830654,1.880475351,0.046020099
7.019607,0.670626667,0.741795035,0.999811307,,21,0.067062667,1.879885212,0.062614696,,8.599607,0.735957489,-0.67702775,0.999772748,,0.073595749,1.880602532,0.057147709
7.1867405,0.784661179,0.619924862,0.999741671,,21.5,0.078466118,1.879754279,0.052327672,,8.7667405,0.613099861,-0.790005418,0.999842293,,0.061309986,1.880733349,0.06668412
7.353874,0.876832574,0.480795837,0.999677406,,22,0.087683257,1.879633446,0.040583832,,8.933874,0.47315262,-0.880980476,0.999906076,,0.047315262,1.880853326,0.074363298
7.5210075,0.944578819,0.328284716,0.999625622,,22.5,0.094457882,1.879536079,0.027710414,,9.1010075,0.320013376,-0.947413025,0.999957037,,0.032001338,1.880949185,0.079970849
7.688141,0.986018104,0.166638229,0.999592046,,23,0.09860181,1.879472948,0.014065883,,9.268141,0.157950036,-0.987447106,0.999989534,,0.015795004,1.881010313,0.083350114
7.8552745,1.00E+00,3.55E-04,0.999580392,,23.5,0.099999994,1.879451036,2.99836E-05,,9.4352745,-0.008518559,-0.999963716,0.99999997,,-0.000851856,1.881029943,0.084406637
8.022408,0.986136241,-0.165937681,0.999591948,,24,0.098613624,1.879472764,-0.01400675,,9.602408,-0.174749561,-0.984612914,0.999987189,,-0.017474956,1.881005902,0.083110881
8.1895415,0.944811815,-0.327613545,0.999625437,,24.5,0.094481181,1.879535731,-0.027653761,,9.7695415,-0.33610681,-0.941823876,0.999952607,,-0.033610681,1.880940852,0.079499071
8.356675,0.877173958,-0.480172726,0.999677155,,25,0.087717396,1.879632973,-0.040531236,,9.936675,-0.488091334,-0.872792559,0.999900051,,-0.048809133,1.880841993,0.073672158
8.5238085,0.785101466,-0.619367168,0.999741381,,25.5,0.078510147,1.879753734,-0.052280597,,10.1038085,-0.626467669,-0.779447407,0.999835341,,-0.062646767,1.880720271,0.065792922
8.690942,0.671153614,-0.741318303,0.99981101,,26,0.067115361,1.879884654,-0.062574456,,10.270942,-0.74738225,-0.66439429,0.999765637,,-0.074738225,1.880589156,0.056081323
8.8580755,0.538500243,-0.842625355,0.999878339,,26.5,0.053850024,1.880011248,-0.071125753,,10.4380755,-0.847470468,-0.530842544,0.999698653,,-0.084747047,1.880463156,0.04480826
9.025209,0.390834538,-0.920460952,0.999935916,,27,0.039083454,1.880119506,-0.077695833,,10.605209,-0.923949485,-0.38251451,0.999641799,,-0.092394948,1.880356212,0.032287935
9.1923425,0.232270675,-0.972651188,0.999977367,,27.5,0.023227068,1.880197444,-0.082101195,,10.7723425,-0.974694447,-0.223541351,0.999601364,,-0.097469445,1.880280154,0.018869058
9.359476,0.067229049,-0.997737568,0.999998104,,28,0.006722905,1.880236435,-0.084218729,,10.939476,-0.998296294,-0.058348172,0.999581821,,-0.099829629,1.880243392,0.004925152
9.5266095,-0.099687671,-0.995018778,0.999995831,,28.5,-0.009968767,1.880232161,-0.083989237,,11.1066095,-0.994099896,0.108468416,0.99958533,,-0.09940999,1.880249992,-0.009155786
9.693743,-0.263824015,-0.964570832,0.9999708,,29,-0.026382401,1.880185096,-0.081419135,,11.273743,-0.962221723,0.272267069,0.999611503,,-0.096222172,1.880299225,-0.022981982
9.8608765,-0.420602798,-0.907244888,0.999925781,,29.5,-0.04206028,1.880100451,-0.076580269,,11.4408765,-0.903546708,0.42848961,0.999657446,,-0.090354671,1.880385646,-0.036168679
10.02801,-0.56565382,-0.824642805,0.99986576,,30,-0.056565382,1.879987596,-0.069607852,,11.60801,-0.819704359,0.572786839,0.999718078,,-0.081970436,1.880499696,-0.048348765
10.1951435,-0.694936296,-0.719071307,0.999797378,,30.5,-0.06949363,1.879859022,-0.060696593,,11.7751435,-0.713024592,0.701139024,0.999786691,,-0.071302459,1.88062876,-0.059182935
10.362277,-0.804851448,-0.593476324,0.999728204,,31,-0.080485145,1.879728958,-0.050095158,,11.942277,-0.586474225,0.80996789,0.999855695,,-0.058647423,1.880758557,-0.068369147
10.5294105,-0.892342101,-0.451359695,0.999665891,,31.5,-0.08923421,1.879611795,-0.038099136,,12.1094105,-0.443575553,0.896236983,0.999917452,,-0.044357555,1.880874725,-0.075651095
10.696544,-0.954976691,-0.296680839,0.999617332,,32,-0.095497669,1.879520493,-0.025042741,,12.276544,-0.288308967,0.957537435,0.999965128,,-0.028830897,1.880964405,-0.080825448
10.8636775,-0.991015598,-0.133746345,0.999587899,,32.5,-0.09910156,1.879465151,-0.011289489,,12.4436775,-0.125002161,0.992156469,0.999993445,,-0.012500216,1.881017669,-0.08374763
11.030811,-0.999458338,0.032909434,0.999580846,,33,-0.099945834,1.87945189,0.002777875,,12.610811,0.041791032,0.999126373,0.999999267,,0.004179103,1.881028622,-0.084335957
11.1979445,-0.98007058,0.198649584,0.999596953,,33.5,-0.098007058,1.879482176,0.016767952,,12.7779445,0.207418621,0.978252276,0.999981951,,0.020741862,1.880996049,-0.082573981
11.365078,-0.933390466,0.358862421,0.99963444,,34,-0.093339047,1.879552659,0.030291469,,12.945078,0.367261439,0.930117754,0.999943413,,0.036726144,1.880923558,-0.078510961
11.5322115,-0.860714095,0.509088644,0.999689159,,34.5,-0.086071409,1.879655544,0.04297202,,13.1122115,0.516863117,0.856068057,0.99988792,,0.051686312,1.880819174,-0.072260448
11.699345,-0.764060467,0.645144637,0.999755059,,35,-0.076406047,1.879779452,0.054456465,,13.279345,0.652055122,0.758171562,0.999821614,,0.065205512,1.880694451,-0.063997034
11.8664785,-0.646116607,0.763238711,0.999824849,,35.5,-0.064611661,1.879910674,0.064424751,,13.4464785,0.769073142,0.63916078,0.999751834,,0.076907314,1.880563192,-0.05395137
12.033612,-0.510164051,0.860077113,0.999890807,,36,-0.051016405,1.88003469,0.072598851,,13.613612,0.864661524,0.502354904,0.999686301,,0.086466152,1.880439922,-0.042403627
12.2007455,-0.359988425,0.93295677,0.999945632,,36.5,-0.035998842,1.880137775,0.078750601,,13.7807455,0.936162954,0.351566386,0.999632264,,0.093616295,1.880338278,-0.029675613
12.367879,-0.199774381,0.979841924,0.999983257,,37,-0.019977438,1.880208519,0.082708163,,13.947879,0.981591131,0.190994375,0.999595702,,0.098159113,1.880269502,-0.016121778
12.5350125,-0.03398873,0.999422216,0.999999515,,37.5,-0.003398873,1.880239089,0.084360929,,14.1150125,0.999684743,0.025108079,0.999580656,,0.099968474,1.880241202,-0.002119365
12.702146,0.132744909,0.991150235,0.999992608,,38,0.013274491,1.8802261,0.083662694,,14.282146,0.989941573,-0.141476792,0.999588792,,0.098994157,1.880256506,0.011942014
12.8692795,0.295776225,0.955257256,0.999963298,,38.5,0.029577622,1.880170992,0.080632978,,14.4492795,0.952632047,-0.304125275,0.99961921,,0.095263205,1.880313722,0.025671123
13.036413,0.450559135,0.892746586,0.999914832,,39,0.045055913,1.880079864,0.075356471,,14.616413,0.888791942,-0.458310904,0.999668545,,0.088879194,1.880406522,0.038685886
13.2035465,0.592779542,0.805364771,0.999852575,,39.5,0.059277954,1.879962805,0.067980599,,14.7835465,0.800194403,-0.599740708,0.99973134,,0.08001944,1.880524643,0.050623933
13.37068,0.718476082,0.695551666,0.999783417,,40,0.071847608,1.879832772,0.058711307,,14.95068,0.689301847,-0.724474267,0.999800651,,0.068930185,1.880655018,0.061152656
13.5378135,0.824150356,0.566371072,0.999715011,,40.5,0.082415036,1.879704153,0.047807212,,15.1178135,0.559198747,-0.829033631,0.999868806,,0.055919875,1.88078322,0.06997848
13.704947,0.90686362,0.421424223,0.999654926,,41,0.090686362,1.879591178,0.035572292,,15.284947,0.413506861,-0.910501003,0.999928265,,0.041350686,1.880895063,0.076855116
13.8720805,0.964317409,0.264748814,0.999609809,,41.5,0.096431741,1.879506346,0.022347368,,15.4520805,0.256284959,-0.966601272,0.999972445,,0.025628496,1.880978168,0.081590523
14.039214,0.994916173,0.100706547,0.999584648,,42,0.099491617,1.879459039,0.008500609,,15.619214,0.091915701,-0.995766792,0.999996456,,0.00919157,1.881023333,0.084052376
14.2063475,0.997810506,-0.066137689,0.999582227,,42.5,0.099781051,1.879454487,-0.005582662,,15.7863475,-0.075017172,-0.997182242,0.999997639,,-0.007501717,1.881025559,0.084171854
14.373481,0.972920076,-0.231141786,0.999602814,,43,0.097292008,1.879493196,-0.019510609,,15.953481,-0.239857736,-0.970808048,0.999975864,,-0.023985774,1.880984599,0.081945616
14.5406145,0.92093579,-0.389714345,0.999644132,,43.5,0.092093579,1.879570883,-0.032895671,,16.1206145,-0.398008982,-0.917381518,0.999933541,,-0.039800898,1.880904989,0.077435899
14.707748,0.843301153,-0.537441314,0.999701611,,44,0.084330115,1.879678957,-0.04536526,,16.287748,-0.545062118,-0.838395663,0.999875356,,-0.054506212,1.880795541,0.070768726
14.8748815,0.742173193,-0.670208141,0.999768893,,44.5,0.074217319,1.879805463,-0.056572068,,16.4548815,-0.676920165,-0.736056445,0.999807749,,-0.067692017,1.880668369,0.062130304
15.042015,0.62036376,-0.784314226,0.999838534,,45,0.062036376,1.879936405,-0.066203729,,16.622015,-0.789912217,-0.613219936,0.999738201,,-0.078991222,1.880537549,0.051761711
15.2091485,0.481262493,-0.87657653,0.999902829,,45.5,0.048126249,1.880057295,-0.073991562,,16.7891485,-0.880895141,-0.473311474,0.999674409,,-0.088089514,1.880417554,0.039952079
15.376282,0.328743283,-0.944419321,0.999954661,,46,0.032874328,1.880154751,-0.079718152,,16.956282,-0.947340035,-0.320229384,0.999623429,,-0.094734004,1.880321659,0.027030466
15.5434155,0.167056615,-0.985947305,0.999988292,,46.5,0.016705661,1.880217986,-0.083223516,,17.1234155,-0.987401294,-0.158236165,0.9995909,,-0.098740129,1.880260471,0.013356667
15.710549,7.11E-04,-0.999999747,1,,47,7.10729E-05,1.88024,-0.084409679,,17.290549,-0.999966708,0.008159782,0.99958042,,-0.099996671,1.880240756,-0.000688765
15.8776825,-0.165654979,-0.98618377,0.999988488,,47.5,-0.016565498,1.880218354,-0.083243476,,17.4576825,-0.984687516,0.174328702,0.999593146,,-0.098468752,1.880264696,-0.014715033
16.044816,-0.327400559,-0.944885641,0.99995503,,48,-0.032740056,1.880155446,-0.079757513,,17.624816,-0.941987806,0.335647096,0.999627673,,-0.094198781,1.880329642,-0.028331871
16.2119495,-0.480016111,-0.877259672,0.999903331,,48.5,-0.048001611,1.88005824,-0.074049226,,17.7919495,-0.873053086,0.487625173,0.999680181,,-0.087305309,1.880428411,-0.041160295
16.379083,-0.619248443,-0.785195113,0.999839114,,49,-0.061924844,1.879937496,-0.066278084,,17.959083,-0.779798233,0.626030922,0.999744863,,-0.077979823,1.88055008,-0.052843082
16.5462165,-0.74121999,-0.671262189,0.999769486,,49.5,-0.074121999,1.879806578,-0.05666104,,18.1262165,-0.664815489,0.747007607,0.999814563,,-0.066481549,1.880681188,-0.063054688
16.71335,-0.842536579,-0.538639131,0.999702152,,50,-0.084253658,1.879679974,-0.045466367,,18.29335,-0.531303617,0.847181484,0.999881569,,-0.053130362,1.880807228,-0.071510335
16.8804835,-0.920381095,-0.391022558,0.999644561,,50.5,-0.092038109,1.879571689,-0.033006097,,18.4604835,-0.382979851,0.923756696,0.999938466,,-0.038297985,1.880914252,-0.077974026
17.047617,-0.972590666,-0.232523969,0.999603083,,51,-0.097259067,1.879493701,-0.019627278,,18.627617,-0.223976842,0.974594467,0.999978954,,-0.022397684,1.880990412,-0.082265227
17.2147505,-0.997715526,-0.067555375,0.999582307,,51.5,-0.099771553,1.879454637,-0.005702329,,18.7947505,-0.058727337,0.998274061,0.999998553,,-0.005872734,1.881027278,-0.084264014
17.381884,-0.995058259,0.099292801,0.999584529,,52,-0.099505826,1.879458816,0.008381276,,18.961884,0.108160142,0.994133484,0.999995092,,0.010816014,1.881020768,-0.083914509
17.5490175,-0.964692618,0.263378346,0.999609505,,52.5,-0.096469262,1.879505775,0.022231687,,19.1290175,0.272030949,0.962288503,0.999968955,,0.027203095,1.880971603,-0.081226484
17.716151,-0.907461534,0.420135174,0.999654471,,53,-0.090746153,1.879590323,0.035463484,,19.296151,0.428315375,0.903629315,0.999923034,,0.042831538,1.880885225,-0.076275079
17.8832845,-0.824954367,0.565199339,0.999714455,,53.5,-0.082495437,1.879703106,0.047708307,,19.4632845,0.572657116,0.819794991,0.999862415,,0.057265712,1.880771198,-0.069198649
18.050418,-0.719463839,0.694529902,0.999782821,,54,-0.071946384,1.879831651,0.058625061,,19.630418,0.701035292,0.713126581,0.999793805,,0.070103529,1.880642142,-0.060194801
18.2175515,-0.593923566,0.804521471,0.999852005,,54.5,-0.059392357,1.879961734,0.067909416,,19.7975515,0.809876441,0.586600503,0.999724799,,0.080987644,1.880512338,-0.049514772
18.384685,-0.451827573,0.892105288,0.999914352,,55,-0.045182757,1.880078961,0.07530234,,19.964685,0.89615339,0.44374441,0.99966303,,0.089615339,1.88039615,-0.037456333
18.5518185,-0.297133734,0.954835873,0.999962961,,55.5,-0.029713373,1.880170357,0.08059741,,20.1318185,0.957468391,0.288538178,0.999615333,,0.095746839,1.880306429,-0.024355421
18.718952,-0.134153643,0.990960544,0.99999245,,56,-0.013415364,1.880225804,0.083646682,,20.298952,0.992118526,0.125302954,0.999586981,,0.099211853,1.880253099,-0.010576785
18.8860855,0.03256806,0.99946952,0.999999555,,56.5,0.003256806,1.880239163,0.084364922,,20.4660855,0.999141881,-0.041418619,0.999581112,,0.099914188,1.880242058,0.003496133
19.053219,0.198381398,0.980124901,0.99998349,,57,0.01983814,1.880208956,0.082732049,,20.633219,0.978343521,-0.206987813,0.999598373,,0.097834352,1.880274527,0.017471779
19.2203525,0.358661974,0.933467508,0.999946032,,57.5,0.035866197,1.880138527,0.078793712,,20.8003525,0.930300747,-0.366797655,0.999636856,,0.093030075,1.880346916,0.03096128
19.387486,0.508941106,0.860801342,0.99989133,,58,0.050894111,1.880035673,0.072659983,,20.967486,0.856347524,-0.51639996,0.999692305,,0.085634752,1.880451217,0.043589166
19.5546195,0.645031232,0.764156207,0.999825437,,58.5,0.064503123,1.879911779,0.064502196,,21.1346195,0.758538391,-0.651628352,0.999758587,,0.075853839,1.880575895,0.055003754
19.721753,0.763142874,0.6462298,0.999755647,,59,0.076314287,1.879780558,0.054548064,,21.301753,0.639592605,-0.768714056,0.999828368,,0.06395926,1.880707156,0.064886923
19.8888865,0.859989802,0.510311219,0.999689682,,59.5,0.08599898,1.879656527,0.043075217,,21.4688865,0.502819715,-0.864391309,0.999893928,,0.050281972,1.880830475,0.072963011
20.05602,0.932879603,0.360188349,0.99963484,,60,0.09328796,1.879553411,0.030403391,,21.63602,0.352028339,-0.935989342,0.99994801,,0.035202834,1.880932205,0.07900658
20.2231535,0.979787333,0.200041952,0.999597186,,60.5,0.097978733,1.879482614,0.016885481,,21.8031535,0.191420425,-0.981508136,0.999984628,,0.019142043,1.881001085,0.082848807
20.390287,0.999410569,0.034329493,0.999580886,,61,0.099941057,1.879451965,0.002897742,,21.970287,0.025473863,-0.999675489,0.999999728,,0.002547386,1.881029488,0.084382308
20.5574205,0.991204634,-0.132338104,0.999587742,,61.5,0.099120463,1.879464856,-0.01117062,,22.1374205,-0.141183199,-0.989983487,0.999991638,,-0.01411832,1.88101427,0.083564209
20.724554,0.955397285,-0.2953236,0.999616995,,62,0.095539728,1.879519859,-0.024928176,,22.304554,-0.303902603,-0.952703106,0.999961254,,-0.03039026,1.880957117,0.080417383
20.8916875,0.892982575,-0.450091237,0.999665411,,62.5,0.089298257,1.879610892,-0.037992066,,22.4716875,-0.458147046,-0.888876417,0.999911939,,-0.045814705,1.880864355,0.075029792
21.058821,0.805694007,-0.592331974,0.999727634,,63,0.080569401,1.879727887,-0.049998564,,22.638821,-0.599617565,-0.800286684,0.999849154,,-0.059961756,1.880746254,0.067551959
21.2259545,0.695957517,-0.718082958,0.999796782,,63.5,0.069595752,1.879857901,-0.060613167,,22.8059545,-0.724373829,-0.689407395,0.999779846,,-0.072437383,1.880615884,0.058192671
21.393088,0.566825286,-0.823838027,0.999865203,,64,0.056682529,1.879986549,-0.069539921,,22.973088,-0.828943753,-0.559331972,0.999711686,,-0.082894375,1.880487673,0.047213044
21.5602215,0.421891888,-0.906646147,0.999925326,,64.5,0.042189189,1.880099594,-0.076529729,,23.1402215,-0.910419422,-0.413686447,0.999652214,,-0.091041942,1.880375805,0.034919149
21.727355,0.265194805,-0.964194854,0.999970495,,65,0.02651948,1.880184524,-0.081387398,,23.307355,-0.966536844,-0.256527833,0.99960801,,-0.096653684,1.880292655,0.021653437
21.8944885,0.101101942,-0.994876071,0.999995712,,65.5,0.010110194,1.880231937,-0.083977191,,23.4744885,-0.995737622,-0.092231166,0.999583962,,-0.099573762,1.88024742,0.007785205
22.061622,-0.065810741,-0.997832123,0.999998183,,66,-0.006581074,1.880236584,-0.08422671,,23.641622,-0.99721117,0.07463165,0.999582729,,-0.099721117,1.880245101,-0.006299635
22.2287555,-0.230887889,-0.972980361,0.999977635,,66.5,-0.023088789,1.880197949,-0.08212898,,23.8087555,-0.970916589,0.239417999,0.999604449,,-0.097091659,1.880285956,-0.020209201
22.395889,-0.389525831,-0.921015541,0.999936344,,67,-0.038952583,1.880120311,-0.077742646,,23.975889,-0.917583771,0.39754248,0.999646718,,-0.091758377,1.880365466,-0.033556441
22.5630225,-0.537302088,-0.843389866,0.99987888,,67.5,-0.053730209,1.880012265,-0.071190286,,24.1430225,-0.838693706,0.544603405,0.999704863,,-0.083869371,1.880474838,-0.04596981
22.730156,-0.670099382,-0.742271391,0.999811604,,68,-0.067009938,1.87988577,-0.062654905,,24.310156,-0.736438378,0.676504631,0.999772451,,-0.073643838,1.880601973,-0.057103553
22.8972895,-0.784220496,-0.620482243,0.999741961,,68.5,-0.07842205,1.879754825,-0.05237472,,24.4772895,-0.613661098,0.789569539,0.999842005,,-0.06136611,1.880732806,-0.066647328
23.064423,-0.876490748,-0.481418705,0.999677657,,69,-0.087649075,1.879633919,-0.040636408,,24.644423,-0.47377858,0.880644002,0.999905827,,-0.047377858,1.880852859,-0.074334896
23.2315565,-0.944345347,-0.328955721,0.999625807,,69.5,-0.094434535,1.879536427,-0.027767054,,24.8115565,-0.32068662,0.947185352,0.999956856,,-0.032068662,1.880948844,-0.079951631
23.39869,-0.985899469,-0.167338693,0.999592144,,70,-0.098589947,1.879473133,-0.014125009,,24.97869,-0.158651796,0.987334598,0.999989441,,-0.01586518,1.881010137,-0.083340617
23.5658235,-0.999999432,-0.001065646,0.999580392,,70.5,-0.099999943,1.879451036,-8.99509E-05,,25.1458235,0.007807854,0.999969518,0.999999974,,0.000780785,1.881029952,-0.084407127
23.732957,-0.986253881,0.165237049,0.999591851,,71,-0.098625388,1.879472581,0.01394761,,25.312957,0.174049732,0.984736864,0.999987291,,0.017404973,1.881006095,-0.083121343
23.9000905,-0.945044334,0.326942208,0.999625253,,71.5,-0.094504433,1.879535385,0.027597094,,25.4800905,0.335437375,0.942062507,0.999952795,,0.033543737,1.880941206,-0.079519214
24.067224,-0.877514899,0.479549373,0.999676904,,72,-0.08775149,1.879632501,0.040478619,,25.647224,0.487470953,0.873139204,0.999900305,,0.048747095,1.880842471,-0.073701418
24.2343575,-0.785541356,0.618809162,0.999741091,,72.5,-0.078554136,1.879753189,0.052233496,,25.8143575,0.625913626,0.779892386,0.999835632,,0.062591363,1.880720819,-0.065830482
24.401491,-0.671680221,0.740841198,0.999810714,,73,-0.067168022,1.879884096,0.062534183,,25.981491,0.746909967,0.664925184,0.999765933,,0.074690997,1.880589713,-0.056126135
24.5686245,-0.539098913,0.842242461,0.999878068,,73.5,-0.053909891,1.880010739,0.071093433,,26.1486245,0.847093082,0.531444551,0.999698921,,0.084709308,1.880463661,-0.044859075
24.735758,-0.391488596,0.92018296,0.999935701,,74,-0.03914886,1.880119102,0.077672368,,26.315758,0.923677484,0.383170856,0.99964201,,0.092367748,1.880356609,-0.032343337
24.9028915,-0.232961892,0.972485865,0.999977232,,74.5,-0.023296189,1.88019719,0.08208724,,26.4828915,0.974535387,0.224233763,0.999601494,,0.097453539,1.880280398,-0.018927505
25.070025,-0.067938152,0.997689535,0.999998064,,75,-0.006793815,1.880236359,0.084214674,,26.650025,0.99825459,0.059057379,0.999581855,,0.099825459,1.880243457,-0.004985016
25.2371585,0.09898046,0.995089377,0.99999589,,75.5,0.009898046,1.880232272,0.083995196,,26.8171585,0.994176705,-0.107762146,0.999585265,,0.09941767,1.880249872,0.00909617
25.404292,0.263138419,0.96475809,0.999970951,,76,0.026313842,1.880185381,0.081434941,,26.984292,0.962414913,-0.271583387,0.999611347,,0.096241491,1.880298932,0.022924272
25.5714255,0.419957935,0.907543571,0.999926009,,76.5,0.041995793,1.880100879,0.076605481,,27.1514255,0.903850916,-0.427847545,0.999657216,,0.090385092,1.880385212,0.036114483
25.738559,0.565067658,0.825044569,0.999866038,,77,0.056506766,1.879988119,0.069641765,,27.318559,0.820111134,-0.572204271,0.999717798,,0.082011113,1.88049917,0.048299591
25.9056925,0.69442516,0.719564937,0.999797676,,77.5,0.069442516,1.879859582,0.06073826,,27.4856925,0.713522626,-0.700632188,0.999786393,,0.071352263,1.880628199,0.059140153
26.072826,0.804429558,0.59404805,0.999728489,,78,0.080442956,1.879729493,0.050143418,,27.652826,0.587049662,-0.809550922,0.999855411,,0.058704966,1.880758025,0.06833395
26.2399595,0.892021189,0.451993583,0.999666131,,78.5,0.089202119,1.879612247,0.038152643,,27.8199595,0.44421237,-0.89592152,0.999917215,,0.044421237,1.880874279,0.075624467
26.407093,0.954765671,0.297359234,0.999617502,,79,0.095476567,1.879520811,0.025100004,,27.987093,0.288989421,-0.957332291,0.999964963,,0.028898942,1.880964095,0.080808131
26.5742265,0.99092033,0.134450365,0.999587978,,79.5,0.099092033,1.879465301,0.011348915,,28.1542265,0.125707279,-0.992067377,0.999993371,,0.012570728,1.88101753,0.08374011
26.74136,0.999481466,-0.032199379,0.999580827,,80,0.099948147,1.879451854,-0.00271794,,28.32136,-0.041080914,-0.999155823,0.999999292,,-0.004108091,1.881028668,0.084338443
26.9084935,0.980211462,-0.19795325,0.999596838,,80.5,0.098021146,1.879481958,-0.016709174,,28.4884935,-0.206723309,-0.978399445,0.999982072,,-0.020672331,1.880996277,0.082586404
27.075627,0.933645192,-0.358199185,0.99963424,,81,0.093364519,1.879552283,-0.030235486,,28.655627,-0.366600322,-0.930378527,0.999943617,,-0.036660032,1.880923941,0.078532972
27.2427605,0.861075589,-0.508476971,0.999688898,,81.5,0.086107559,1.879655053,-0.042920389,,28.8227605,-0.516254623,-0.856435149,0.999888184,,-0.051625462,1.88081967,0.072291434
27.409894,0.764518685,-0.644601567,0.999754765,,82,0.076451868,1.879778899,-0.054410625,,28.989894,-0.651516199,-0.758634723,0.999821909,,-0.06515162,1.880695005,0.064036129
27.5770275,0.646658805,-0.762779385,0.999824555,,82.5,0.06466588,1.879910121,-0.064385979,,29.1570275,-0.76861879,-0.639707086,0.999752127,,-0.076861879,1.880563744,0.053997483
27.744161,0.510775137,-0.859714347,0.999890545,,83,0.051077514,1.880034198,-0.07256823,,29.324161,-0.864304379,-0.502969125,0.99968656,,-0.086430438,1.88044041,0.042455473
27.9112945,0.360651377,-0.932700694,0.999945432,,83.5,0.036065138,1.880137398,-0.078728986,,29.4912945,-0.935912941,-0.352231411,0.999632461,,-0.093591294,1.880338648,0.029731748
28.078428,0.200470721,-0.979699694,0.99998314,,84,0.020047072,1.880208299,-0.082696157,,29.658428,-0.981455193,-0.19169169,0.999595814,,-0.098145519,1.880269713,0.016180638
28.2455615,0.03469904,-0.999397807,0.999999495,,84.5,0.003469904,1.88023905,-0.084358869,,29.8255615,-0.999666653,-0.025818279,0.999580671,,-0.099966665,1.88024123,0.002179313
28.412695,-0.132040442,-0.99124433,0.999992686,,85,-0.013204044,1.880226248,-0.083670637,,29.992695,-0.990041833,0.140773465,0.999588709,,-0.099004183,1.880256349,-0.011882646
28.5798285,-0.295097246,-0.955467224,0.999963467,,85.5,-0.029509725,1.880171308,-0.080650702,,30.1598285,-0.952847875,0.303448393,0.999619037,,-0.095284788,1.880313397,-0.025613988
28.746962,-0.449924574,-0.893066559,0.999915072,,86,-0.044992457,1.880080315,-0.07538348,,30.326962,-0.889117344,0.457679308,0.999668302,,-0.088911734,1.880406066,-0.038632573
28.9140955,-0.59220708,-0.805785811,0.99985286,,86.5,-0.059220708,1.879963341,-0.068016139,,30.4940955,-0.80062034,0.599171988,0.999731054,,-0.080062034,1.880524105,-0.050575928
29.081229,-0.717981658,-0.696062022,0.999783715,,87,-0.071798166,1.879833332,-0.058754386,,30.661229,-0.689816475,0.723984275,0.999800353,,-0.068981647,1.880654457,-0.061111295
29.2483625,-0.823747726,-0.56695651,0.99971529,,87.5,-0.082374773,1.879704676,-0.047856629,,30.8283625,-0.559787747,0.828636035,0.99986853,,-0.055978775,1.8807827,-0.069944919
29.415496,-0.906563976,-0.422068428,0.999655154,,88,-0.090656398,1.879591607,-0.035626669,,30.995496,-0.41415383,0.910206903,0.99992804,,-0.041415383,1.880894641,-0.076830292
29.5826295,-0.964129074,-0.265433849,0.999609961,,88.5,-0.096412907,1.879506633,-0.022405192,,31.1626295,-0.256971867,0.966418884,0.999972297,,-0.025697187,1.880977889,-0.081575128
29.749763,-0.994844377,-0.101413344,0.999584708,,89,-0.099484438,1.879459151,-0.00856027,,31.329763,-0.092623396,0.995701214,0.999996401,,-0.00926234,1.88102323,-0.084046841
29.9168965,-0.997857241,0.065428795,0.999582188,,89.5,-0.099785724,1.879454414,0.005522825,,31.4968965,0.074308428,0.997235307,0.999997684,,0.007430843,1.881025643,-0.084176333
30.08403,-0.973084045,0.23045052,0.99960268,,90,-0.097308404,1.879492944,0.019452259,,31.66403,0.239167711,0.970978273,0.999976003,,0.023916771,1.88098486,-0.081959985
30.2511635,-0.92121244,0.389059944,0.999643918,,90.5,-0.092121244,1.87957048,0.032840433,,31.8311635,0.397356915,0.917664144,0.999933759,,0.039735692,1.880905398,-0.077459755
30.418297,-0.843682801,0.536841999,0.999701341,,91,-0.08436828,1.879678448,0.045314672,,31.998297,0.544466183,0.838782794,0.999875628,,0.054446618,1.880796053,-0.070801404
30.5854305,-0.742649231,0.66968061,0.999768596,,91.5,-0.074264923,1.879804905,0.056527539,,32.1654305,0.676396958,0.736537273,0.999808046,,0.067639696,1.880668928,-0.06217089
30.752564,-0.620920948,0.783873189,0.999838244,,92,-0.062092095,1.87993586,0.066166501,,32.332564,0.789476298,0.613781048,0.99973849,,0.07894763,1.880538092,-0.051809074
30.9196975,-0.48188532,0.876234294,0.999902577,,92.5,-0.048188532,1.880056821,0.073962674,,32.4996975,0.880558632,0.473937228,0.999674658,,0.088055863,1.880418022,-0.040004899
31.086831,-0.329414396,0.944185446,0.999954475,,93,-0.03294144,1.880154402,0.07969841,,32.666831,0.947112285,0.320902352,0.99962361,,0.094711229,1.880322,-0.027087271
31.2539645,-0.167757306,0.985828325,0.999988194,,93.5,-0.016775731,1.880217801,0.083213473,,32.8339645,0.987288628,0.158937613,0.999590994,,0.098728863,1.880260647,-0.013415876
31.421098,-0.001421458,0.99999899,0.999999999,,94,-0.000142146,1.880239998,0.084409615,,33.001098,0.999972253,-0.007449373,0.999580415,,0.099997225,1.880240748,0.000628799
31.5882315,0.164954036,0.986301255,0.999988585,,94.5,0.016495404,1.880218537,0.083253393,,33.1682315,0.984811117,-0.173629097,0.999593044,,0.098481112,1.880264504,0.01465598
31.755365,0.326728949,0.945118085,0.999955214,,95,0.032672895,1.880155792,0.079777134,,33.335365,0.942226034,-0.334977763,0.999627485,,0.094222603,1.880329288,0.028275372
31.9224985,0.479392556,0.877600579,0.999903582,,95.5,0.047939256,1.880058712,0.074078002,,33.5024985,0.873399324,-0.487004744,0.999679928,,0.087339932,1.880427934,0.041107924
32.089632,0.618690316,0.785634962,0.999839404,,96,0.061869032,1.879938041,0.066315211,,33.669632,0.780242861,-0.62547668,0.999744572,,0.078024286,1.880549533,0.052796299
32.2567655,0.740742827,0.671788705,0.999769783,,96.5,0.074074283,1.879807136,0.056705483,,33.8367655,0.665346143,-0.746535003,0.999814267,,0.066534614,1.880680631,0.063014796
32.423899,0.842153653,0.539237632,0.999702422,,97,0.084215365,1.879680483,0.045516887,,34.003899,0.531905528,-0.846803702,0.999881301,,0.053190553,1.880806723,0.071478446
32.5910325,0.92010305,0.391676368,0.999644775,,97.5,0.092010305,1.879572092,0.033061285,,34.1710325,0.383636254,-0.923484285,0.999938254,,0.038363625,1.880913855,0.077951031
32.758166,0.972425225,0.233214885,0.999603218,,98,0.097242522,1.879493955,0.019685598,,34.338166,0.224669443,-0.974435037,0.999978824,,0.022466944,1.880990167,0.082251769
32.9252995,0.997667281,0.068264167,0.999582347,,98.5,0.099766728,1.879454713,0.005762158,,34.5052995,0.059436823,-0.998232069,0.999998518,,0.005943682,1.881027212,0.084260469
33.092433,0.995128549,-0.098585853,0.999584471,,99,0.099512855,1.879458705,-0.008321602,,34.672433,-0.107453559,-0.994210105,0.999995156,,-0.010745356,1.881020888,0.083920977
33.2595665,0.964879492,-0.262692912,0.999609353,,99.5,0.096487949,1.879505491,-0.02217383,,34.8395665,-0.271346975,-0.962481594,0.999969111,,-0.027134698,1.880971896,0.081242783
33.4267,0.907759804,-0.419490331,0.999654244,,100,0.09077598,1.879589895,-0.035409053,,35.0067,-0.427673081,-0.90393348,0.999923265,,-0.042767308,1.880885659,0.076300754